id,msg_sum,msg_avg,msg_word_count
Mic 1,501.2,2.58350515464
Mic 2,418.99,2.50892215569
Mic 3,456.97,2.38005208333
Mic 4,538.79,2.4379638009
Mic 5,479.57,2.49776041667
